ID,Date,Cu_USD_pound,Au_USD_oz,Fe_USD_tonne,Oil_Price_USD_Barrel
Com0001,1/07/1959,0.288057143,,,
Com0002,1/08/1959,0.3006,,,
Com0003,1/09/1959,0.302457143,,,
Com0004,1/10/1959,0.317880952,,,
Com0005,1/11/1959,0.331205263,,,
Com0006,1/12/1959,0.325481818,,,
Com0007,1/01/1960,0.32054,,,
Com0008,1/02/1960,0.32128,,,
Com0009,1/03/1960,0.291130435,,,
Com0010,1/04/1960,0.299345,,,
Com0011,1/05/1960,0.296009524,,,
Com0012,1/06/1960,0.3125,,,
Com0013,1/07/1960,0.306945,,,
Com0014,1/08/1960,0.302856522,,,
Com0015,1/09/1960,0.290352381,,,
Com0016,1/10/1960,0.279585714,,,
Com0017,1/11/1960,0.28184,,,
Com0018,1/12/1960,0.279080952,,,
Com0019,1/01/1961,0.272371429,,,
Com0020,1/02/1961,0.282205263,,,
Com0021,1/03/1961,0.286445455,,,
Com0022,1/04/1961,0.295815,,,
Com0023,1/05/1961,0.316214286,,,
Com0024,1/06/1961,0.306445455,,,
Com0025,1/07/1961,0.303745,,,
Com0026,1/08/1961,0.307482609,,,
Com0027,1/09/1961,0.30825,,,
Com0028,1/10/1961,0.299895455,,,
Com0029,1/11/1961,0.297035,,,
Com0030,1/12/1961,0.29977,,,
Com0031,1/01/1962,0.302595238,,,
Com0032,1/02/1962,0.303489474,,,
Com0033,1/03/1962,0.305468182,,,
Com0034,1/04/1962,0.29911,,,
Com0035,1/05/1962,0.295363636,,,
Com0036,1/06/1962,0.28622381,,,
Com0037,1/07/1962,0.284038095,,,
Com0038,1/08/1962,0.288573913,,,
Com0039,1/09/1962,0.285905263,,,
Com0040,1/10/1962,0.284178261,,,
Com0041,1/11/1962,0.287985,,,
Com0042,1/12/1962,0.286931579,,,
Com0043,1/01/1963,0.290586364,,,
Com0044,1/02/1963,0.294047368,,,
Com0045,1/03/1963,0.295809524,,,
Com0046,1/04/1963,0.298795238,,,
Com0047,1/05/1963,0.298481818,,,
Com0048,1/06/1963,0.29748,,,
Com0049,1/07/1963,0.296636364,,,
Com0050,1/08/1963,0.296954545,,,
Com0051,1/09/1963,0.30036,,,
Com0052,1/10/1963,0.300434783,,,
Com0053,1/11/1963,0.300633333,,,
Com0054,1/12/1963,0.301495238,,,
Com0055,1/01/1964,0.310868182,,,
Com0056,1/02/1964,0.326868421,,,
Com0057,1/03/1964,0.353028571,,,
Com0058,1/04/1964,0.386722727,,,
Com0059,1/05/1964,0.373195,,,
Com0060,1/06/1964,0.369518182,,,
Com0061,1/07/1964,0.371981818,,,
Com0062,1/08/1964,0.401042857,,,
Com0063,1/09/1964,0.410128571,,,
Com0064,1/10/1964,0.503631818,,,
Com0065,1/11/1964,0.561933333,,,
Com0066,1/12/1964,0.487338095,,,
Com0067,1/01/1965,0.377095,,,
Com0068,1/02/1965,0.417194444,,,
Com0069,1/03/1965,0.435404348,,,
Com0070,1/04/1965,0.525985714,,,
Com0071,1/05/1965,0.486215,,,
Com0072,1/06/1965,0.4797,,,
Com0073,1/07/1965,0.451619048,,,
Com0074,1/08/1965,0.515122727,,,
Com0075,1/09/1965,0.5192,,,
Com0076,1/10/1965,0.559265,,,
Com0077,1/11/1965,0.561477778,,,
Com0078,1/12/1965,0.544957143,,,
Com0079,1/01/1966,0.586433333,,,
Com0080,1/02/1966,0.686473684,,,
Com0081,1/03/1966,0.738252174,,,
Com0082,1/04/1966,0.759525,,,
Com0083,1/05/1966,0.6805,,,
Com0084,1/06/1966,0.72395,,,
Com0085,1/07/1966,0.693775,,,
Com0086,1/08/1966,0.542917391,,,
Com0087,1/09/1966,0.517819048,,,
Com0088,1/10/1966,0.570375,,,
Com0089,1/11/1966,0.569236842,,,
Com0090,1/12/1966,0.5357,,,
Com0091,1/01/1967,0.535642857,,,
Com0092,1/02/1967,0.517005556,,,
Com0093,1/03/1967,0.468863636,,,
Com0094,1/04/1967,0.428895,,,
Com0095,1/05/1967,0.434545455,,,
Com0096,1/06/1967,0.429272727,,,
Com0097,1/07/1967,0.438184211,,,
Com0098,1/08/1967,0.467047826,,,
Com0099,1/09/1967,0.47229,,,
Com0100,1/10/1967,0.513904762,,,
Com0101,1/11/1967,0.6168,,,
Com0102,1/12/1967,0.594165,,,
Com0103,1/01/1968,0.593863636,,,
Com0104,1/02/1968,0.683905263,,,
Com0105,1/03/1968,0.615225,,,
Com0106,1/04/1968,0.52366,37.8625,,
Com0107,1/05/1968,0.444514286,40.69782609,,
Com0108,1/06/1968,0.45053,41.14210526,,
Com0109,1/07/1968,0.441580952,39.4673913,,
Com0110,1/08/1968,0.446840909,39.19090909,,
Com0111,1/09/1968,0.464625,40.1845,,
Com0112,1/10/1968,0.464047826,39.20695652,,
Com0113,1/11/1968,0.473883333,39.77809524,,
Com0114,1/12/1968,0.509085,41.08421053,,
Com0115,1/01/1969,0.527909091,42.30272727,,
Com0116,1/02/1969,0.522923529,42.602,,
Com0117,1/03/1969,0.538125,43.15904762,,
Com0118,1/04/1969,0.603285714,43.3155,,
Com0119,1/05/1969,0.57547619,43.4647619,,
Com0120,1/06/1969,0.603328571,41.4347619,,
Com0121,1/07/1969,0.607857143,41.75956522,,
Com0122,1/08/1969,0.666638095,41.08761905,,
Com0123,1/09/1969,0.6635,40.87333333,,
Com0124,1/10/1969,0.6783,40.44086957,,
Com0125,1/11/1969,0.721217647,37.4035,,
Com0126,1/12/1969,0.723761905,35.17,,
Com0127,1/01/1970,0.690325,34.94190476,,
Com0128,1/02/1970,0.712416667,34.9935,,
Com0129,1/03/1970,0.732571429,35.086,,
Com0130,1/04/1970,0.754977273,35.62045455,,
Com0131,1/05/1970,0.694325,35.951,,
Com0132,1/06/1970,0.651077273,35.42409091,,
Com0133,1/07/1970,0.614090909,35.32086957,,
Com0134,1/08/1970,0.571242857,35.381,,
Com0135,1/09/1970,0.56847619,36.19272727,,
Com0136,1/10/1970,0.513190476,37.51818182,,
Com0137,1/11/1970,0.482433333,37.44,,
Com0138,1/12/1970,0.467327273,37.43380952,,
Com0139,1/01/1971,0.453975,37.8735,,
Com0140,1/02/1971,0.46935,38.744,,
Com0141,1/03/1971,0.526565217,38.87,,
Com0142,1/04/1971,0.56292381,39.015,,
Com0143,1/05/1971,0.510175,40.515,,
Com0144,1/06/1971,0.495445455,40.10181818,,
Com0145,1/07/1971,0.515214286,40.95136364,,
Com0146,1/08/1971,0.503147368,42.727,,
Com0147,1/09/1971,0.488452381,42.02227273,,
Com0148,1/10/1971,0.479552632,42.50428571,,
Com0149,1/11/1971,0.46217,42.85818182,,
Com0150,1/12/1971,0.4742,43.48333333,,
Com0151,1/01/1972,0.492857143,45.75,,
Com0152,1/02/1972,0.50489,48.26380952,,
Com0153,1/03/1972,0.527404762,48.32818182,,
Com0154,1/04/1972,0.51596,49.02947368,,
Com0155,1/05/1972,0.505045455,54.61863636,,
Com0156,1/06/1972,0.48465,62.09227273,,
Com0157,1/07/1972,0.482631579,65.66571429,,
Com0158,1/08/1972,0.489334783,67.03363636,,
Com0159,1/09/1972,0.494,65.46571429,,
Com0160,1/10/1972,0.480125,64.86409091,,
Com0161,1/11/1972,0.467985,62.91272727,,
Com0162,1/12/1972,0.483310526,63.90894737,,
Com0163,1/01/1973,0.524714286,65.13909091,,
Com0164,1/02/1973,0.57445,74.1975,,
Com0165,1/03/1973,0.662318182,84.37181818,,
Com0166,1/04/1973,0.70247,90.49578947,,
Com0167,1/05/1973,0.683295455,101.9590909,,
Com0168,1/06/1973,0.758280952,120.1190476,,
Com0169,1/07/1973,0.862357143,120.1659091,,
Com0170,1/08/1973,0.875773913,106.7613636,,
Com0171,1/09/1973,0.790052632,102.97,,
Com0172,1/10/1973,0.881595238,100.0769565,,
Com0173,1/11/1973,0.97767,94.91590909,,
Com0174,1/12/1973,0.920468421,106.7194444,,
Com0175,1/01/1974,0.888636364,129.1909091,,
Com0176,1/02/1974,1.053122222,150.2325,,
Com0177,1/03/1974,1.158380952,168.4214286,,
Com0178,1/04/1974,1.287961905,172.235,,
Com0179,1/05/1974,1.205636364,163.2681818,,
Com0180,1/06/1974,1.02933,154.1,,
Com0181,1/07/1974,0.868545455,142.9782609,,
Com0182,1/08/1974,0.801945455,154.6380952,,
Com0183,1/09/1974,0.65535,151.9095238,,
Com0184,1/10/1974,0.619272727,158.776087,,
Com0185,1/11/1974,0.611055556,181.6547619,,
Com0186,1/12/1974,0.556590476,183.85,,
Com0187,1/01/1975,0.527318182,176.2681818,,
Com0188,1/02/1975,0.554255556,179.59,,
Com0189,1/03/1975,0.5972,178.1578947,,
Com0190,1/04/1975,0.581981818,169.8431818,,
Com0191,1/05/1975,0.558,167.3904762,,
Com0192,1/06/1975,0.53227619,164.2380952,,
Com0193,1/07/1975,0.574909091,165.1652174,,
Com0194,1/08/1975,0.593057143,162.9975,,
Com0195,1/09/1975,0.573047619,144.0931818,,
Com0196,1/10/1975,0.551,142.7565217,,
Com0197,1/11/1975,0.546047059,142.415,,
Com0198,1/12/1975,0.539238095,139.3025,,
Com0199,1/01/1976,0.558809524,131.4880952,,
Com0200,1/02/1976,0.569631579,131.07,,
Com0201,1/03/1976,0.618521739,132.5782609,,
Com0202,1/04/1976,0.696390476,127.94,,
Com0203,1/05/1976,0.69825,126.935,,
Com0204,1/06/1976,0.709454545,125.7090909,,
Com0205,1/07/1976,0.75752381,117.7545455,,
Com0206,1/08/1976,0.696972727,109.9285714,,
Com0207,1/09/1976,0.671809524,114.1454545,,
Com0208,1/10/1976,0.588666667,116.1428571,,
Com0209,1/11/1976,0.58677,130.4636364,,
Com0210,1/12/1976,0.596752381,133.8775,,
Com0211,1/01/1977,0.647285714,132.2635,,
Com0212,1/02/1977,0.657031579,136.299,,
Com0213,1/03/1977,0.703304348,148.2282609,,
Com0214,1/04/1977,0.65886,149.1657895,,
Com0215,1/05/1977,0.639285714,146.6045455,,
Com0216,1/06/1977,0.605790909,140.7775,,
Com0217,1/07/1977,0.574736842,143.3928571,,
Com0218,1/08/1977,0.535182609,144.95,,
Com0219,1/09/1977,0.561047619,149.5240909,,
Com0220,1/10/1977,0.566047619,158.8595238,,
Com0221,1/11/1977,0.552009524,162.1,,
Com0222,1/12/1977,0.590028571,160.45,,
Com0223,1/01/1978,0.5923,173.1785714,,
Com0224,1/02/1978,0.571,178.155,,
Com0225,1/03/1978,0.593318182,183.6619048,,
Com0226,1/04/1978,0.59941,175.275,,
Com0227,1/05/1978,0.612181818,176.3071429,,
Com0228,1/06/1978,0.613081818,183.7522727,,
Com0229,1/07/1978,0.621075,188.7261905,,
Com0230,1/08/1978,0.646326087,206.3,,
Com0231,1/09/1978,0.660575,212.0761905,,
Com0232,1/10/1978,0.6835,227.3931818,,
Com0233,1/11/1978,0.661785,206.0727273,,
Com0234,1/12/1978,0.68389,207.8342105,,
Com0235,1/01/1979,0.737113636,227.2704545,,
Com0236,1/02/1979,0.864573684,245.67,,
Com0237,1/03/1979,0.923136364,242.0477273,,
Com0238,1/04/1979,0.92569,239.1605263,,
Com0239,1/05/1979,0.848772727,257.6166667,,
Com0240,1/06/1979,0.831761905,279.0666667,,
Com0241,1/07/1979,0.816452381,294.7363636,,
Com0242,1/08/1979,0.878326087,300.8181818,,
Com0243,1/09/1979,0.927026316,355.115,,
Com0244,1/10/1979,0.942391304,391.6565217,,
Com0245,1/11/1979,0.971433333,391.9931818,,
Com0246,1/12/1979,1.009410526,455.084375,,
Com0247,1/01/1980,1.191363636,675.3090909,,
Com0248,1/02/1980,1.30225,665.3214286,,
Com0249,1/03/1980,0.998380952,553.5809524,,
Com0250,1/04/1980,0.898657143,517.41,,
Com0251,1/05/1980,0.906857143,513.82,,
Com0252,1/06/1980,0.877357143,600.7166667,,
Com0253,1/07/1980,0.989136364,644.2826087,,
Com0254,1/08/1980,0.934919048,627.1475,,
Com0255,1/09/1980,0.954,673.625,,
Com0256,1/10/1980,0.951717391,661.1478261,,
Com0257,1/11/1980,0.923916667,623.4625,,
Com0258,1/12/1980,0.846514286,594.9210526,,
Com0259,1/01/1981,0.862380952,557.3875,,
Com0260,1/02/1981,0.819321053,499.7625,,
Com0261,1/03/1981,0.841022727,498.7613636,,
Com0262,1/04/1981,0.831438095,495.8,,
Com0263,1/05/1981,0.815625,479.6973684,,
Com0264,1/06/1981,0.782972727,460.7613636,,
Com0265,1/07/1981,0.785818182,409.2840909,,
Com0266,1/08/1981,0.814471429,410.1575,,
Com0267,1/09/1981,0.801071429,443.75,,
Com0268,1/10/1981,0.765,437.7545455,,
Com0269,1/11/1981,0.74004,413.3690476,,
Com0270,1/12/1981,0.739127273,410.0921053,,
Com0271,1/01/1982,0.732675,384.125,,
Com0272,1/02/1982,0.720768421,374.13,,
Com0273,1/03/1982,0.68926087,330.2478261,,
Com0274,1/04/1982,0.695161905,350.3375,,
Com0275,1/05/1982,0.707875,333.8184211,,
Com0276,1/06/1982,0.585927273,314.9818182,,
Com0277,1/07/1982,0.644357143,338.9727273,,
Com0278,1/08/1982,0.626177273,364.2261905,,
Com0279,1/09/1982,0.64,437.3113636,,
Com0280,1/10/1982,0.65052381,422.147619,,
Com0281,1/11/1982,0.643525,414.9136364,,
Com0282,1/12/1982,0.670514286,444.2921053,,
Com0283,1/01/1983,0.735880952,481.2875,,
Com0284,1/02/1983,0.761694737,491.2,,
Com0285,1/03/1983,0.74223913,419.6956522,,
Com0286,1/04/1983,0.763145,432.8815789,,
Com0287,1/05/1983,0.798285714,438.0075,,
Com0288,1/06/1983,0.754686364,412.8409091,,
Com0289,1/07/1983,0.771675,422.7166667,,
Com0290,1/08/1983,0.742069565,416.2363636,,
Com0291,1/09/1983,0.720285714,411.8022727,,
Com0292,1/10/1983,0.654428571,393.5785714,,
Com0293,1/11/1983,0.628833333,381.6590909,,
Com0294,1/12/1983,0.646119048,388.3444444,,
Com0295,1/01/1984,0.631238095,370.8880952,,
Com0296,1/02/1984,0.645675,385.9214286,,
Com0297,1/03/1984,0.687386364,394.2636364,,
Com0298,1/04/1984,0.688615,381.3642105,,
Com0299,1/05/1984,0.643613636,377.402381,,
Com0300,1/06/1984,0.614266667,377.6652381,,
Com0301,1/07/1984,0.593904762,347.4681818,,
Com0302,1/08/1984,0.598182609,347.6795455,,
Com0303,1/09/1984,0.585394737,341.0925,,
Com0304,1/10/1984,0.571891304,340.173913,,
Com0305,1/11/1984,0.5986,341.1772727,,
Com0306,1/12/1984,0.577763158,320.1588235,,
Com0307,1/01/1985,0.597113636,302.7909091,,
Com0308,1/02/1985,0.608821053,299.1,,
Com0309,1/03/1985,0.607619048,303.9428571,,
Com0310,1/04/1985,0.639371429,325.2725,,
Com0311,1/05/1985,0.635909091,316.3666667,,
Com0312,1/06/1985,0.604235,316.49,,
Com0313,1/07/1985,0.614,317.2173913,,
Com0314,1/08/1985,0.604827273,329.7857143,,
Com0315,1/09/1985,0.6041,323.35,,
Com0316,1/10/1985,0.61623913,325.8434783,,
Com0317,1/11/1985,0.608865,325.2952381,,
Com0318,1/12/1985,0.633295238,321.8842105,,
Com0319,1/01/1986,0.659113636,345.3772727,,
Com0320,1/02/1986,0.641247368,338.89,,
Com0321,1/03/1986,0.6662,345.7,,
Com0322,1/04/1986,0.640127273,340.4386364,,
Com0323,1/05/1986,0.630952381,342.38,,
Com0324,1/06/1986,0.627804762,342.7166667,,
Com0325,1/07/1986,0.593809524,348.3369565,,
Com0326,1/08/1986,0.578533333,376.595,,
Com0327,1/09/1986,0.613261905,417.7295455,,
Com0328,1/10/1986,0.596673913,423.5086957,,
Com0329,1/11/1986,0.590905263,397.55,,
Com0330,1/12/1986,0.6019,390.9210526,,
Com0331,1/01/1987,0.612809524,408.2595238,,
Com0332,1/02/1987,0.618457895,401.115,,
Com0333,1/03/1987,0.636840909,408.9136364,,
Com0334,1/04/1987,0.624233333,438.3525,,
Com0335,1/05/1987,0.6579,460.2342105,,18.58
Com0336,1/06/1987,0.698472727,449.5909091,,18.86
Com0337,1/07/1987,0.746431818,450.5173913,,19.86
Com0338,1/08/1987,0.771142857,461.1475,,18.98
Com0339,1/09/1987,0.794452381,460.3477273,,18.31
Com0340,1/10/1987,0.824068182,465.3545455,,18.76
Com0341,1/11/1987,1.01273,467.5690476,,17.78
Com0342,1/12/1987,1.221345455,486.2394737,,17.05
Com0343,1/01/1988,1.098625,476.58,,16.75
Com0344,1/02/1988,0.957245,442.0738095,,15.73
Com0345,1/03/1988,0.972,443.6065217,,14.73
Com0346,1/04/1988,0.96366,451.5473684,,16.6
Com0347,1/05/1988,0.929904762,451.0675,,16.31
Com0348,1/06/1988,1.0435,451.3318182,,15.54
Com0349,1/07/1988,0.951025,437.6285714,,14.91
Com0350,1/08/1988,0.960695652,431.2772727,,14.89
Com0351,1/09/1988,1.035714286,413.4545455,,13.18
Com0352,1/10/1988,1.253642857,406.7809524,,12.41
Com0353,1/11/1988,1.405225,420.1681818,,13.02
Com0354,1/12/1988,1.469380952,419.0472222,,15.31
Com0355,1/01/1989,1.428142857,404.0142857,,17.17
Com0356,1/02/1989,1.315436842,387.5075,,16.89
Com0357,1/03/1989,1.373613636,390.15,,18.7
Com0358,1/04/1989,1.369235,384.4,,20.32
Com0359,1/05/1989,1.192295455,371.0452381,,18.63
Com0360,1/06/1989,1.097522727,367.5977273,,17.67
Com0361,1/07/1989,1.06515,375.0380952,,17.62
Com0362,1/08/1989,1.211934783,365.1431818,,16.77
Com0363,1/09/1989,1.2467,361.7452381,,17.77
Com0364,1/10/1989,1.240954545,366.8840909,,18.91
Com0365,1/11/1989,1.111790476,394.2613636,,18.73
Com0366,1/12/1989,1.055285,409.3852941,,19.84
Com0367,1/01/1990,1.033022727,410.1090909,,21.25
Com0368,1/02/1990,1.057321053,416.81,,19.81
Com0369,1/03/1990,1.164909091,393.0590909,,18.39
Com0370,1/04/1990,1.17148,374.2421053,,16.61
Com0371,1/05/1990,1.140090909,369.052381,,16.35
Com0372,1/06/1990,1.112947619,352.3309524,,15.1
Com0373,1/07/1990,1.200214286,362.5295455,,17.17
Com0374,1/08/1990,1.297427273,394.7272727,,27.17
Com0375,1/09/1990,1.231894737,389.3225,,34.9
Com0376,1/10/1990,1.176586957,380.7391304,,36.02
Com0377,1/11/1990,1.144961905,381.725,,33.07
Com0378,1/12/1990,1.116884211,376.9470588,,28.27
Com0379,1/01/1991,1.097431818,383.6386364,,23.57
Com0380,1/02/1991,1.097031579,363.83,,19.54
Com0381,1/03/1991,1.077775,363.335,,19.08
Com0382,1/04/1991,1.086168182,358.3785714,,19.18
Com0383,1/05/1991,1.000318182,356.9452381,,19.19
Com0384,1/06/1991,0.99764,366.7175,,18.17
Com0385,1/07/1991,1.000119048,367.6847826,,19.4
Com0386,1/08/1991,1.013413636,356.3047619,,19.77
Com0387,1/09/1991,1.04375,348.7380952,,20.5
Com0388,1/10/1991,1.053913043,358.6869565,,22.21
Com0389,1/11/1991,1.048745,360.1666667,,21.11
Com0390,1/12/1991,0.98367619,361.725,,18.41
Com0391,1/01/1992,0.967409091,354.4477273,,18.16
Com0392,1/02/1992,1.006336842,353.9125,,18.05
Com0393,1/03/1992,1.014840909,344.3363636,,17.63
Com0394,1/04/1992,1.005161905,338.6175,,18.92
Com0395,1/05/1992,1.00815,337.2394737,,19.89
Com0396,1/06/1992,1.047663636,340.8045455,,21.16
Com0397,1/07/1992,1.13875,352.7195652,,20.24
Com0398,1/08/1992,1.12722381,343.0575,,19.74
Com0399,1/09/1992,1.083833333,345.4295455,,20.27
Com0400,1/10/1992,1.008954545,344.3795455,,20.26
Com0401,1/11/1992,0.965615,335.0166667,,19.21
Com0402,1/12/1992,0.994981818,334.8026316,,18.14
Com0403,1/01/1993,1.012725,329.01,,17.39
Com0404,1/02/1993,0.986,329.31,,18.47
Com0405,1/03/1993,0.964565217,330.0782609,29.09,18.79
Com0406,1/04/1993,0.87377619,342.15,29.09,18.67
Com0407,1/05/1993,0.808175,367.1789474,29.09,18.51
Com0408,1/06/1993,0.832109091,371.8909091,29.09,17.65
Com0409,1/07/1993,0.864404762,392.1886364,29.09,16.78
Com0410,1/08/1993,0.851595455,378.8380952,29.09,16.7
Com0411,1/09/1993,0.806775,355.275,29.09,16.01
Com0412,1/10/1993,0.744,364.1785714,29.09,16.61
Com0413,1/11/1993,0.741575,373.8272727,29.09,15.2
Com0414,1/12/1993,0.793114286,383.2973684,29.09,13.73
Com0415,1/01/1994,0.837952381,386.875,26.47,14.29
Com0416,1/02/1994,0.871142105,381.91,26.47,13.8
Com0417,1/03/1994,0.896847826,384.1282609,26.47,13.82
Com0418,1/04/1994,0.879063158,377.2710526,26.47,15.23
Com0419,1/05/1994,1.000190476,381.4125,26.47,16.19
Com0420,1/06/1994,1.08735,385.6431818,26.47,16.76
Com0421,1/07/1994,1.122225,385.4904762,26.47,17.6
Com0422,1/08/1994,1.093417391,380.3545455,26.47,16.89
Com0423,1/09/1994,1.161285714,391.575,26.47,15.9
Com0424,1/10/1994,1.170809524,389.7714286,26.47,16.49
Com0425,1/11/1994,1.290275,384.3886364,26.47,17.19
Com0426,1/12/1994,1.362419048,379.2861111,26.47,15.93
Com0427,1/01/1995,1.38097619,378.55,28.38,16.55
Com0428,1/02/1995,1.322178947,376.64,28.38,17.11
Com0429,1/03/1995,1.351282609,382.1195652,28.38,17.01
Com0430,1/04/1995,1.328910526,391.0305556,28.38,18.65
Com0431,1/05/1995,1.260090909,385.2190476,28.38,18.35
Com0432,1/06/1995,1.369627273,387.5590909,28.38,17.31
Com0433,1/07/1995,1.359868421,386.2333333,28.38,15.85
Com0434,1/08/1995,1.37686087,383.6545455,28.38,16.1
Com0435,1/09/1995,1.307575,383.0547619,28.38,16.7
Com0436,1/10/1995,1.256840909,383.1363636,28.38,16.11
Com0437,1/11/1995,1.318285,385.3068182,28.38,16.86
Com0438,1/12/1995,1.27821,387.4441176,28.38,17.93
Com0439,1/01/1996,1.143095238,399.4522727,30,17.85
Com0440,1/02/1996,1.15419,404.7619048,30,18
Com0441,1/03/1996,1.171238095,396.2071429,30,19.85
Com0442,1/04/1996,1.183295238,392.8475,30,20.9
Com0443,1/05/1996,1.190636364,391.9333333,30,19.15
Com0444,1/06/1996,0.981845,385.2725,30,18.46
Com0445,1/07/1996,0.899880952,383.473913,30,19.57
Com0446,1/08/1996,0.91715,387.35,30,20.51
Com0447,1/09/1996,0.894625,383.1357143,30,22.63
Com0448,1/10/1996,0.913652174,381.0652174,30,24.16
Com0449,1/11/1996,0.999536842,377.85,30,22.76
Com0450,1/12/1996,1.015804762,368.9972222,30,23.78
Com0451,1/01/1997,1.0515,355.1045455,30.15,23.54
Com0452,1/02/1997,1.092810526,346.5825,30.15,20.85
Com0453,1/03/1997,1.1095,351.8078947,30.15,19.13
Com0454,1/04/1997,1.085531818,344.4727273,30.15,17.56
Com0455,1/05/1997,1.148333333,343.84,30.15,19.02
Com0456,1/06/1997,1.174671429,340.7571429,30.15,17.58
Com0457,1/07/1997,1.074136364,324.1043478,30.15,18.46
Com0458,1/08/1997,1.02227619,324.01,30.15,18.6
Com0459,1/09/1997,0.963880952,322.8227273,30.15,18.46
Com0460,1/10/1997,0.939565217,324.8717391,30.15,19.87
Com0461,1/11/1997,0.877061111,306.0375,30.15,19.17
Com0462,1/12/1997,0.798277273,288.7421053,30.15,17.18
Com0463,1/01/1998,0.778025,289.0952381,31,15.19
Com0464,1/02/1998,0.759042105,297.4925,31,14.07
Com0465,1/03/1998,0.805227273,295.9409091,31,13.1
Com0466,1/04/1998,0.818595238,308.285,31,13.53
Com0467,1/05/1998,0.786625,299.1,31,14.36
Com0468,1/06/1998,0.751695455,292.3181818,31,12.21
Com0469,1/07/1998,0.759045455,292.8717391,31,12.08
Com0470,1/08/1998,0.733852381,284.11,31,11.91
Com0471,1/09/1998,0.755904762,288.9818182,31,13.34
Com0472,1/10/1998,0.725840909,295.9272727,31,12.7
Com0473,1/11/1998,0.717984211,294.1214286,31,11.04
Com0474,1/12/1998,0.667609091,291.6789474,31,9.82
Com0475,1/01/1999,0.656447368,287.1175,27.59,11.11
Com0476,1/02/1999,0.642410526,287.3275,27.59,10.27
Com0477,1/03/1999,0.631826087,285.9608696,27.59,12.51
Com0478,1/04/1999,0.67387619,282.6175,27.59,15.29
Com0479,1/05/1999,0.69745,276.4421053,27.59,15.23
Com0480,1/06/1999,0.654890909,261.3136364,27.59,15.86
Com0481,1/07/1999,0.765404762,256.0795455,27.59,19.08
Com0482,1/08/1999,0.7621,256.6928571,27.59,20.22
Com0483,1/09/1999,0.819857143,264.7431818,27.59,22.54
Com0484,1/10/1999,0.798952381,310.7190476,27.59,22
Com0485,1/11/1999,0.79393,293.1840909,27.59,24.58
Com0486,1/12/1999,0.819219048,283.0684211,27.59,25.47
Com0487,1/01/2000,0.855289474,284.315,28.79,25.51
Com0488,1/02/2000,0.827855,299.8642857,28.79,27.78
Com0489,1/03/2000,0.805130435,286.3891304,28.79,27.49
Com0490,1/04/2000,0.776305263,279.6944444,28.79,22.76
Com0491,1/05/2000,0.831318182,275.1857143,28.79,27.74
Com0492,1/06/2000,0.811045455,285.7318182,28.79,29.8
Com0493,1/07/2000,0.844947368,281.5857143,28.79,28.68
Com0494,1/08/2000,0.868552174,274.4681818,28.79,30.2
Com0495,1/09/2000,0.922725,273.6785714,28.79,33.14
Com0496,1/10/2000,0.878818182,269.9977273,28.79,30.96
Com0497,1/11/2000,0.833695,266.0068182,28.79,32.55
Com0498,1/12/2000,0.869475,271.45,28.79,25.66
Com0499,1/01/2001,0.833428571,265.4863636,30.03,25.62
Com0500,1/02/2001,0.820347368,261.865,30.03,27.5
Com0501,1/03/2001,0.806886364,263.0272727,30.03,24.5
Com0502,1/04/2001,0.76647,260.4789474,30.03,25.66
Com0503,1/05/2001,0.776340909,272.3547619,30.03,28.31
Com0504,1/06/2001,0.729119048,270.2309524,30.03,27.85
Com0505,1/07/2001,0.701071429,267.5318182,30.03,24.61
Com0506,1/08/2001,0.676573913,272.3863636,30.03,25.68
Com0507,1/09/2001,0.659823529,283.42,30.03,25.62
Com0508,1/10/2001,0.636695652,283.0608696,30.03,20.54
Com0509,1/11/2001,0.66309,276.1636364,30.03,18.8
Com0510,1/12/2001,0.681305263,275.8470588,30.03,18.71
Com0511,1/01/2002,0.702,281.5113636,29.31,19.42
Com0512,1/02/2002,0.724552632,295.495,29.31,20.28
Com0513,1/03/2002,0.74995,294.055,29.31,23.7
Com0514,1/04/2002,0.733390909,302.6833333,29.31,25.73
Com0515,1/05/2002,0.73675,314.4931818,29.31,25.35
Com0516,1/06/2002,0.764655,321.1777778,29.31,24.08
Com0517,1/07/2002,0.728190476,313.2913043,29.31,25.74
Com0518,1/08/2002,0.68065,310.2547619,29.31,26.65
Com0519,1/09/2002,0.68485,319.1357143,29.31,28.4
Com0520,1/10/2002,0.686413043,316.5565217,29.31,27.54
Com0521,1/11/2002,0.727489474,319.0666667,29.31,24.34
Com0522,1/12/2002,0.726185714,331.9194444,29.31,28.33
Com0523,1/01/2003,0.757619048,356.8590909,31.95,31.18
Com0524,1/02/2003,0.771526316,358.97,31.95,32.77
Com0525,1/03/2003,0.760666667,340.55,31.95,30.61
Com0526,1/04/2003,0.723347619,328.18,31.95,25
Com0527,1/05/2003,0.754333333,355.6825,31.95,25.86
Com0528,1/06/2003,0.771195238,356.352381,31.95,27.65
Com0529,1/07/2003,0.784318182,351.0195652,31.95,28.35
Com0530,1/08/2003,0.801942857,359.7675,31.95,29.89
Com0531,1/09/2003,0.824595238,378.9454545,31.95,27.11
Com0532,1/10/2003,0.883934783,378.9195652,31.95,29.61
Com0533,1/11/2003,0.927555556,389.91,31.95,28.75
Com0534,1/12/2003,0.99677619,406.9526316,31.95,29.81
Com0535,1/01/2004,1.104526316,413.7880952,37.9,31.28
Com0536,1/02/2004,1.252215789,404.8775,37.9,30.86
Com0537,1/03/2004,1.342956522,406.6673913,37.9,33.63
Com0538,1/04/2004,1.279733333,403.26,37.9,33.59
Com0539,1/05/2004,1.209125,383.7789474,37.9,37.57
Com0540,1/06/2004,1.207085714,392.3727273,37.9,35.18
Com0541,1/07/2004,1.267690476,398.0909091,37.9,38.22
Com0542,1/08/2004,1.274781818,400.5095238,37.9,42.74
Com0543,1/09/2004,1.312357143,405.275,37.9,43.2
Com0544,1/10/2004,1.344952381,420.4642857,37.9,49.78
Com0545,1/11/2004,1.385625,439.375,37.9,43.11
Com0546,1/12/2004,1.419085714,442.0789474,37.9,39.6
Com0547,1/01/2005,1.407125,424.03,65,44.51
Com0548,1/02/2005,1.440647368,423.35,65,45.48
Com0549,1/03/2005,1.484931818,434.3214286,65,53.1
Com0550,1/04/2005,1.47917619,429.2333333,65,51.88
Com0551,1/05/2005,1.41197619,421.8725,65,48.65
Com0552,1/06/2005,1.559609091,430.6568182,65,54.35
Com0553,1/07/2005,1.57125,424.4785714,65,57.52
Com0554,1/08/2005,1.662873913,437.9295455,65,63.98
Com0555,1/09/2005,1.668809524,456.0477273,65,62.91
Com0556,1/10/2005,1.798071429,469.897619,65,58.54
Com0557,1/11/2005,1.910035,476.6659091,65,55.24
Com0558,1/12/2005,2.09942381,510.0972222,65,56.86
Com0559,1/01/2006,2.129575,549.8642857,67.2,62.99
Com0560,1/02/2006,2.245084211,554.995,65.2,60.21
Com0561,1/03/2006,2.309521739,557.0934783,66.7,62.06
Com0562,1/04/2006,2.907588889,610.6527778,67.3,70.26
Com0563,1/05/2006,3.622454545,675.3928571,67.3,69.78
Com0564,1/06/2006,3.296736364,596.1454545,69.3,68.56
Com0565,1/07/2006,3.538421053,633.7095238,70.5,73.67
Com0566,1/08/2006,3.507052174,632.5931818,69.8,73.23
Com0567,1/09/2006,3.458625,598.1857143,70,61.96
Com0568,1/10/2006,3.406090909,585.7795455,71.7,57.81
Com0569,1/11/2006,3.173475,627.8272727,73.5,58.76
Com0570,1/12/2006,3.020295,629.7911765,73.5,62.47
Com0571,1/01/2007,2.5826,631.1659091,78.2,53.68
Com0572,1/02/2007,2.605926316,664.745,82.66,57.56
Com0573,1/03/2007,2.929590909,654.8954545,88.55,62.05
Com0574,1/04/2007,3.514455,679.3684211,91.26,67.49
Com0575,1/05/2007,3.484636364,666.8595238,102.02,67.21
Com0576,1/06/2007,3.386161905,655.4904762,103.21,71.05
Com0577,1/07/2007,3.594190476,665.2954545,106.09,76.93
Com0578,1/08/2007,3.349426087,665.4113636,121.89,70.76
Com0579,1/09/2007,3.459026316,712.6525,148.65,77.17
Com0580,1/10/2007,3.601869565,754.6043478,168.11,82.34
Com0581,1/11/2007,3.134304762,806.2477273,195.09,92.41
Com0582,1/12/2007,3.02965,803.2029412,190.12,90.93
Com0583,1/01/2008,3.215452381,889.5954545,193.37,92.18
Com0584,1/02/2008,3.59344,922.297619,186.12,94.99
Com0585,1/03/2008,3.789789474,968.4342105,197.12,103.64
Com0586,1/04/2008,3.911309091,909.7045455,195.95,109.07
Com0587,1/05/2008,3.7516,888.6625,192.95,122.8
Com0588,1/06/2008,3.687035,889.4880952,183.93,132.32
Com0589,1/07/2008,3.720071429,939.7717391,180.5,132.72
Com0590,1/08/2008,3.402409524,839.025,178.74,113.24
Com0591,1/09/2008,3.122785714,829.9318182,139.64,97.23
Com0592,1/10/2008,2.185704545,806.6195652,88.67,71.58
Com0593,1/11/2008,1.691552632,760.8625,64.95,52.45
Com0594,1/12/2008,1.39965,816.0921053,69.98,39.95
Com0595,1/01/2009,1.4928,858.6904762,72.51,43.44
Com0596,1/02/2009,1.511216667,943.1625,75.59,43.32
Com0597,1/03/2009,1.724454545,924.2727273,64.07,46.54
Com0598,1/04/2009,2.038647619,890.2,59.78,50.18
Com0599,1/05/2009,2.103375,928.6447368,62.69,57.3
Com0600,1/06/2009,2.287813636,945.6704545,71.66,68.61
Com0601,1/07/2009,2.394568182,934.2282609,83.95,64.44
Com0602,1/08/2009,2.815747619,949.375,97.67,72.51
Com0603,1/09/2009,2.830904762,996.5909091,80.71,67.65
Com0604,1/10/2009,2.881166667,1043.159091,86.79,72.77
Com0605,1/11/2009,3.04058,1127.035714,99.26,76.66
Com0606,1/12/2009,3.19335,1134.723684,105.07,74.46
Com0607,1/01/2010,3.345638889,1117.9625,125.72,76.17
Com0608,1/02/2010,3.118294444,1095.4125,127.49,73.75
Com0609,1/03/2010,3.40623913,1113.336957,139.69,78.83
Com0610,1/04/2010,3.524142857,1148.6875,172.47,84.82
Com0611,1/05/2010,3.1167,1205.434211,161.35,75.95
Com0612,1/06/2010,2.942609091,1232.920455,143.63,74.76
Com0613,1/07/2010,3.070619048,1192.965909,126.36,75.58
Com0614,1/08/2010,3.322609091,1215.809524,145.34,77.04
Com0615,1/09/2010,3.520631579,1270.977273,140.63,77.84
Com0616,1/10/2010,3.778809524,1342.02381,148.48,82.67
Com0617,1/11/2010,3.8452,1369.886364,156.1,85.28
Com0618,1/12/2010,4.172813636,1390.552632,163.1,91.45
Com0619,1/01/2011,4.35255,1356.4,179.18,96.52
Com0620,1/02/2011,4.498273684,1372.725,187.18,103.72
Com0621,1/03/2011,4.332090909,1424.01087,169.36,114.64
Com0622,1/04/2011,4.302378947,1473.805556,179.33,123.26
Com0623,1/05/2011,4.063642857,1510.4375,177.05,114.99
Com0624,1/06/2011,4.111781818,1528.659091,170.88,113.83
Com0625,1/07/2011,4.408775,1572.809524,172.98,116.97
Com0626,1/08/2011,4.082391304,1755.806818,177.5,110.22
Com0627,1/09/2011,3.749928571,1771.852273,177.23,112.83
Com0628,1/10/2011,3.348261905,1665.214286,150.43,109.55
Com0629,1/11/2011,3.4447,1738.977273,135.54,110.77
Com0630,1/12/2011,3.435104762,1652.305556,136.39,107.87
Com0631,1/01/2012,3.672775,1656.119048,140.26,110.69
Com0632,1/02/2012,3.84946,1742.619048,140.4,119.33
Com0633,1/03/2012,3.843571429,1673.772727,144.66,125.45
Com0634,1/04/2012,3.72187,1650.065789,147.64,119.75
Com0635,1/05/2012,3.56875,1585.504545,136.61,110.34
Com0636,1/06/2012,3.348942857,1596.697368,134.66,95.16
Com0637,1/07/2012,3.441190476,1593.909091,127.94,102.62
Com0638,1/08/2012,3.413313043,1626.034091,107.5,113.36
Com0639,1/09/2012,3.706473684,1744.45,99.47,112.86
Com0640,1/10/2012,3.669681818,1747.01087,113.95,111.71
Com0641,1/11/2012,3.503571429,1721.136364,120.35,109.06
Com0642,1/12/2012,3.628905,1688.529412,128.51,109.49
Com0643,1/01/2013,3.681047619,1670.954545,150.49,112.96
Com0644,1/02/2013,3.6736,1627.5875,154.64,116.05
Com0645,1/03/2013,3.480375,1592.8625,139.87,108.47
Com0646,1/04/2013,3.278740909,1485.083333,137.39,102.25
Com0647,1/05/2013,3.300431818,1413.5,124.01,102.56
Com0648,1/06/2013,3.18044,1342.3625,114.82,102.92
Com0649,1/07/2013,3.135409091,1286.723913,127.19,107.93
Com0650,1/08/2013,3.281136364,1347.095238,137.06,111.28
Com0651,1/09/2013,3.271975,1348.797619,134.19,111.6
Com0652,1/10/2013,3.287978261,1316.184783,132.57,109.08
Com0653,1/11/2013,3.21341,1275.821429,136.32,107.79
Com0654,1/12/2013,3.321485714,1225.402778,135.79,110.76
Com0655,1/01/2014,3.313666667,1244.795455,128.12,108.12
Com0656,1/02/2014,3.239368421,1300.975,121.37,108.9
Com0657,1/03/2014,3.0126,1336.083333,111.83,107.48
Com0658,1/04/2014,3.049861905,1299,114.58,107.76
Com0659,1/05/2014,3.118095238,1287.525,100.56,109.54
Com0660,1/06/2014,3.099580952,1279.095238,92.74,111.8
Com0661,1/07/2014,3.237477273,1310.967391,96.05,106.77
Com0662,1/08/2014,3.16477619,1295.9875,92.61,101.61
Com0663,1/09/2014,3.096166667,1238.818182,82.38,97.09
Com0664,1/10/2014,3.034173913,1222.48913,81.06,87.43
Com0665,1/11/2014,3.010163158,1176.3,73.73,79.44
Com0666,1/12/2014,2.89317619,1202.289474,68.39,62.34
Com0667,1/01/2015,2.627421053,1251.845238,68.23,47.76
Com0668,1/02/2015,2.601394737,1227.1875,62.75,58.1
Com0669,1/03/2015,2.694272727,1178.629545,58.05,55.89
Com0670,1/04/2015,2.743638095,1197.91,52.28,59.52
Com0671,1/05/2015,2.871775,1199.052632,60.3,64.08
Com0672,1/06/2015,2.655813636,1181.504545,62.63,61.48
Com0673,1/07/2015,2.477636364,1130.036957,52.39,56.56
Com0674,1/08/2015,2.3265,1117.475,56.19,46.52
Com0675,1/09/2015,2.363428571,1124.531818,56.95,47.62
Com0676,1/10/2015,2.366204545,1159.245455,53.12,48.43
Com0677,1/11/2015,2.15637,1085.702381,46.86,44.27
Com0678,1/12/2015,2.086018182,1068.252632,40.5,38.01
Com0679,1/01/2016,2.014105263,1097.375,41.88,30.7
Com0680,1/02/2016,2.077475,1199.911905,46.83,
Com0681,1/03/2016,2.235,1246.338095,56.2,
Com0682,1/04/2016,2.183138095,1242.261905,60.92,
Com0683,1/05/2016,2.111380952,1259.3975,55.13,
Com0684,1/06/2016,2.096931818,1276.404545,51.98,
Com0685,1/07/2016,2.208975,1337.32619,57.26,
Com0686,1/08/2016,2.142408696,1341.088636,60.89,
Com0687,1/09/2016,2.144666667,1326.029545,57.79,
Com0688,1/10/2016,2.146380952,1266.569048,59.09,
Com0689,1/11/2016,2.46917619,1235.979545,73.1,
Com0690,1/12/2016,2.567861905,1151.402778,80.02,
Com0691,1/01/2017,2.627,1192.616667,80.41,
Com0692,1/02/2017,2.699357895,1234.3575,89.44,
Com0693,1/03/2017,2.65026087,1231.093478,87.65,
Com0694,1/04/2017,2.588784211,1265.627778,70.22,
Com0695,1/05/2017,2.555863636,1245.004762,62.43,
Com0696,1/06/2017,2.604645455,1260.256818,57.48,
Com0697,1/07/2017,2.736,1236.221429,67.74,
Com0698,1/08/2017,2.9602,1282.315909,76.07,
Com0699,1/09/2017,3.004025,1314.978571,71.53,
Com0700,1/10/2017,3.109204545,1279.513636,61.66,
Com0701,1/11/2017,3.099619048,1282.284091,64.24,
Com0702,1/12/2017,3.10624,1261.255882,72.25,
Com0703,1/01/2018,3.213428571,1331.665909,76.34,
Com0704,1/02/2018,3.177042105,1331.525,77.46,
Com0705,1/03/2018,3.082404762,1324.657143,70.35,
Com0706,1/04/2018,3.093714286,1334.74,65.75,
Com0707,1/05/2018,3.078727273,1303.02619,66.1,
Com0708,1/06/2018,3.121080952,1281.566667,65.04,
Com0709,1/07/2018,2.801785714,1238.525,64.56,
Com0710,1/08/2018,2.701952174,1201.245455,67.15,
Com0711,1/09/2018,2.711026316,1198.4725,68.44,
Com0712,1/10/2018,2.767673913,1215.393478,73.41,
Com0713,1/11/2018,2.750742857,1220.945455,73.26,
Com0714,1/12/2018,2.723375,1247.923529,69.16,
Com0715,1/01/2019,2.670214286,1291.745455,76.16,
Com0716,1/02/2019,2.853315789,1320.065,88.22,
Com0717,1/03/2019,2.902047619,1300.897619,86.47,
Com0718,1/04/2019,2.915114286,1286.445,93.7,
Com0719,1/05/2019,2.734636364,1283.947619,100.15,
Com0720,1/06/2019,2.676075,1359.0425,108.94,
Com0721,1/07/2019,2.69225,1412.978261,120.24,
Com0722,1/08/2019,2.578359091,1498.797619,93.07,
Com0723,1/09/2019,2.6144,1511.314286,93.08,
Com0724,1/10/2019,2.62026087,1494.8,88.53,
Com0725,1/11/2019,2.658175,1470.016667,84.98,
Com0726,1/12/2019,2.766838095,1476.044444,92.65,
Com0727,1/01/2020,2.7455,1560.672727,95.76,
Com0728,1/02/2020,2.576994737,1597.1025,87.68,
Com0729,1/03/2020,2.354090909,1591.927273,88.99,
Com0730,1/04/2020,2.288552381,1682.93,84.73,
Com0731,1/05/2020,2.3796,1716.381579,93.65,
Com0732,1/06/2020,2.596763636,1732.218182,103.3,
Com0733,1/07/2020,2.878977273,1843.313043,108.52,
Com0734,1/08/2020,2.922942857,1968.565,121.07,
Com0735,1/09/2020,3.029380952,1922.213636,123.75,
Com0736,1/10/2020,3.059318182,1900.275,119.78,
Com0737,1/11/2020,3.20607,1863.492857,124.36,
Com0738,1/12/2020,3.535172727,1855.955263,155.43,
Com0739,1/01/2021,3.618763158,1866.985,169.63,
Com0740,1/02/2021,3.849447368,1808.175,163.8,
Com0741,1/03/2021,4.079717391,1718.228261,168.18,
Com0742,1/04/2021,4.224909524,1761.6775,179.83,
Com0743,1/05/2021,4.622425,1853.223684,207.72,
Com0744,1/06/2021,4.392636364,1834.565909,214.43,
Com0745,1/07/2021,4.348738095,1807.093182,214.14,
Com0746,1/08/2021,4.296318182,1783.969048,162.16,
Com0747,1/09/2021,4.270772727,1777.252273,124.52,
Com0748,1/10/2021,4.442119048,1776.854762,122.91,
Com0749,1/11/2021,4.361904762,1820.234091,96.24,
Com0750,1/12/2021,4.3389375,1786.652632,116.96,
Com0751,1/01/2022,4.43965,1816.765,132.53,
Com0752,1/02/2022,4.50516,1856.295,142.84,
Com0753,1/03/2022,4.692891304,1947.828261,152.07,
Com0754,1/04/2022,4.646538095,1933.9,151.25,
Com0755,1/05/2022,4.248261905,1848.302381,131.21,
Com0756,1/06/2022,4.11575,1833.825,130.74,
Com0757,1/07/2022,3.418361905,1736.371429,108.57,
Com0758,1/08/2022,3.605426087,1765.654545,108.85,
Com0759,1/09/2022,3.4528,1682.966667,99.81,
Com0760,1/10/2022,3.424152381,1664.445238,92.56,
Com0761,1/11/2022,3.656581818,1726.447727,93.34,
Com0762,1/12/2022,3.817890909,1796.741667,111.84,
Com0763,1/01/2023,4.118690909,1898.628571,,
Com0764,1/02/2023,4.0824,1854.54,,
Com0765,1/03/2023,4.030747826,1912.730435,,
